# Warehouses
Id,Name,Address,PostalCode,City
1,Entrepot de Paris, 10 Rue du CSharp,75000,Paris
2,Entrepot de Rennes, 42 Place de la République,35000,Rennes

# Articles
Id,Name,Description,Price,StockQuantity
1,Ordinateur portable,Ordinateur portable haute performance,1200.00,50
2,Smartphone,Smartphone avec écran AMOLED,800.00,100
3,Tablette,Tablette 10 pouces avec stylet,600.00,30
4,Moniteur,Moniteur 27 pouces 4K,450.00,20
5,Clavier,Clavier mécanique,150.00,75
6,Souris,Souris sans fil,50.00,60
7,Casque audio,Casque audio à réduction de bruit,200.00,40
8,Montre connectée,Montre connectée pour fitness,250.00,35
9,Imprimante,Imprimante tout-en-un,300.00,25
10,Routeur,Routeur double bande,100.00,15

# Customers
Id,Name,Address,City
1,Jean Dupont,123 Rue de la Paix,75001,Paris
2,Marie Curie,45 Avenue des Champs-Élysées,75008,Paris
3,Luc Martin,78 Boulevard Saint-Germain,75006,Paris
4,Sophie Bernard,22 Rue du Faubourg Saint-Honoré,75008,Paris
5,Emmanuel Petit,30 Rue de Rivoli,75004,Paris
6,Isabelle Durant,5 Place de la Bastille,75011,Paris
7,Claude Monet,67 Rue de l'Université,75007,Paris
8,Chantal Thomas,91 Rue de Sèvres,75006,Paris
9,Pierre Lefèvre,16 Avenue Montaigne,75008,Paris
10,Nathalie Dubois,40 Rue de la Boétie,75008,Paris
 
# Orders
Id,WarehouseId,CustomerName,Email,ShippingAddress,PostalCode,City,OrderDate,TotalAmount,OrderStatus
1,2,1,guy.dubois@example.com,23 rue de Rivoli,75000,Paris,2023-01-01,420.67,Processing
2,1,2,marie.leblanc@example.com,12 boulevard Saint-Michel,69000,Lyon,2023-01-16,1056.32,Shipped
3,2,9,pierre.martin@example.com,5 avenue des Champs-Élysées,06000,Nice,2023-01-31,784.99,Delivered
4,1,7,lucie.dupont@example.com,8 rue de la République,13000,Marseille,2023-02-15,1234.45,Cancelled
5,2,2,jean.paul.roux@example.com,14 rue de la Paix,31000,Toulouse,2023-03-02,1567.89,Returned
6,1,3,claire.moreau@example.com,6 rue Victor Hugo,33000,Bordeaux,2023-03-17,987.65,Processing
7,2,4,pauline.lefevre@example.com,9 rue de la Liberté,44000,Nantes,2023-04-01,342.78,Shipped
8,1,1,marc.lefevre@example.com,20 boulevard Haussmann,67000,Strasbourg,2023-04-16,876.54,Delivered
9,2,4,amelie.bernard@example.com,11 rue Nationale,59000,Lille,2023-05-01,1100.22,Cancelled
10,1,5,philippe.lambert@example.com,3 rue Jean Moulin,38000,Grenoble,2023-05-16,430.99,Returned
11,2,6,laura.girard@example.com,19 rue de Lyon,51100,Reims,2023-05-31,2100.45,Processing
12,1,8,bruno.richard@example.com,17 rue de Bretagne,34000,Montpellier,2023-06-15,543.67,Shipped
13,2,7,juliette.petit@example.com,25 rue de Metz,21000,Dijon,2023-06-30,789.23,Delivered
14,1,9,georges.garcia@example.com,22 rue de la Gare,29200,Brest,2023-07-15,999.99,Cancelled
15,2,5,isabelle.font@example.com,7 rue de Lille,83000,Toulon,2023-07-30,1223.45,Returned
16,1,3,adrien.millet@example.com,18 rue de la Liberté,76600,Le Havre,2023-08-14,1440.67,Processing
17,2,1,corinne.rolland@example.com,16 rue de la Victoire,42000,Saint-Étienne,2023-08-29,876.32,Shipped
18,1,2,benoit.dupuis@example.com,2 rue de la Gare,63000,Clermont-Ferrand,2023-09-13,543.78,Delivered
19,2,9,delphine.morin@example.com,10 rue de l'Église,87000,Limoges,2023-09-28,2010.99,Cancelled
20,1,1,thibault.robert@example.com,21 rue de l'École,80000,Amiens,2023-10-13,330.45,Returned


# OrderDetails
Id,OrderId,ArticleId,Quantity,UnitPrice
1,1,1,2,1200.00
2,1,2,1,800.00
3,2,3,3,600.00
4,2,4,1,450.00
5,3,5,5,150.00
6,3,6,2,50.00
7,4,7,3,200.00
8,4,8,2,250.00
9,5,9,1,300.00
10,5,10,4,100.00
11,6,1,2,1200.00
12,6,2,1,800.00
13,7,3,3,600.00
14,7,4,1,450.00
15,8,5,5,150.00
16,8,6,2,50.00
17,9,7,3,200.00
18,9,8,2,250.00
19,10,9,1,300.00
20,10,10,4,100.00
21,11,1,2,1200.00
22,11,2,1,800.00
23,12,3,3,600.00
24,12,4,1,450.00
25,13,5,5,150.00
26,13,6,2,50.00
27,14,7,3,200.00
28,14,8,2,250.00
29,15,9,1,300.00
30,15,10,4,100.00
31,16,1,2,1200.00
32,16,2,1,800.00
33,17,3,3,600.00
34,17,4,1,450.00
35,18,5,5,150.00
36,18,6,2,50.00
37,19,7,3,200.00
38,19,8,2,250.00
39,20,9,1,300.00
40,20,10,4,100.00
